{
  "evaluation_metadata": {
    "total_questions": 10,
    "evaluation_date": "2025-06-26T11:18:07.928118",
    "system_type": "optimized_chunking_rag"
  },
  "retrieval_metrics": {
    "precision_mean": 0.5733333333333334,
    "precision_std": 0.43227791700578944,
    "recall_mean": 0.6166666666666666,
    "recall_std": 0.3932297415374753,
    "f1_mean": 0.5133333333333334,
    "f1_std": 0.33414715469034645
  },
  "ragas_metrics": {},
  "research_summary": {
    "retrieval_metrics": {
      "precision_mean": 0.5733333333333334,
      "precision_std": 0.43227791700578944,
      "recall_mean": 0.6166666666666666,
      "recall_std": 0.3932297415374753,
      "f1_mean": 0.5133333333333334,
      "f1_std": 0.33414715469034645
    },
    "query_type_performance": {
      "revenue_analysis": {
        "count": 1,
        "precision_mean": 1.0,
        "recall_mean": 0.5,
        "f1_mean": 0.6666666666666666
      },
      "definition": {
        "count": 1,
        "precision_mean": 0.2,
        "recall_mean": 1.0,
        "f1_mean": 0.33333333333333337
      },
      "multi_period_comparison": {
        "count": 1,
        "precision_mean": 0.6666666666666666,
        "recall_mean": 0.6666666666666666,
        "f1_mean": 0.6666666666666666
      },
      "trend_analysis": {
        "count": 1,
        "precision_mean": 0.6666666666666666,
        "recall_mean": 1.0,
        "f1_mean": 0.8
      },
      "accounting_standards": {
        "count": 1,
        "precision_mean": 0.2,
        "recall_mean": 1.0,
        "f1_mean": 0.33333333333333337
      },
      "margin_analysis": {
        "count": 1,
        "precision_mean": 0.0,
        "recall_mean": 0.0,
        "f1_mean": 0.0
      },
      "profitability": {
        "count": 1,
        "precision_mean": 0.0,
        "recall_mean": 0.0,
        "f1_mean": 0.0
      },
      "ratio_metrics": {
        "count": 1,
        "precision_mean": 1.0,
        "recall_mean": 0.5,
        "f1_mean": 0.6666666666666666
      },
      "expense_trend": {
        "count": 1,
        "precision_mean": 1.0,
        "recall_mean": 0.5,
        "f1_mean": 0.6666666666666666
      },
      "corporate_action": {
        "count": 1,
        "precision_mean": 1.0,
        "recall_mean": 1.0,
        "f1_mean": 1.0
      }
    },
    "difficulty_performance": {
      "easy": {
        "count": 4,
        "precision_mean": 0.55,
        "recall_mean": 0.5,
        "f1_mean": 0.41666666666666663
      },
      "hard": {
        "count": 2,
        "precision_mean": 0.3333333333333333,
        "recall_mean": 0.3333333333333333,
        "f1_mean": 0.3333333333333333
      },
      "medium": {
        "count": 4,
        "precision_mean": 0.7166666666666667,
        "recall_mean": 0.875,
        "f1_mean": 0.7
      }
    },
    "system_characteristics": {
      "total_questions": 10,
      "avg_chunks_retrieved": 2.9,
      "perfect_retrievals": "4",
      "zero_recall_queries": "2",
      "high_performance_queries": "2"
    },
    "statistical_tests": {
      "query_type_anova": {
        "f_statistic": NaN,
        "p_value": NaN,
        "significant": "False"
      },
      "difficulty_anova": {
        "f_statistic": 1.1075691411935953,
        "p_value": 0.3820204764136261,
        "significant": "False"
      }
    }
  }
}